Criteria,Excellent,Good,Satisfactory,Needs Improvement,Poor,Criterion Score
Company Research and Strategic Understanding,"20 points
Demonstrates comprehensive understanding of company culture, values, recent projects, and industry position; clearly articulates strategic alignment rationale","17 points
Shows solid understanding of company background and positioning; articulates good alignment rationale","13 points
Shows basic understanding of company; provides adequate alignment rationale","9 points
Limited understanding of company; weak alignment rationale","5 points
Insufficient company research; lacks credible sources; no clear strategic rationale","Score of Company Research and Strategic Understanding,
/ 20"
Portfolio Customization and Artifact Selection,"20 points
Selects 4-5 highly relevant artifacts with clear strategic rationale; demonstrates sophisticated understanding of audience needs; portfolio format perfectly matches company culture","17 points
Selects 3-4 relevant artifacts with good rationale; shows solid audience understanding; portfolio format well-suited to company","13 points
Selects 2-3 somewhat relevant artifacts with basic rationale; shows acceptable audience understanding; adequate portfolio format","9 points
Selects 1-2 artifacts with weak rationale; limited audience understanding; poor format choice","5 points
Poor artifact selection; no clear rationale; inappropriate portfolio format","Score of Portfolio Customization and Artifact Selection,
/ 20"
Pitch Delivery and Persuasion,"20 points
Highly engaging and confident delivery; compelling narrative structure; demonstrates exceptional persuasive skills; handles Q&A expertly","17 points
Engaging and clear delivery; good narrative structure; shows solid persuasive skills; handles Q&A well","13 points
Adequate delivery; acceptable narrative; shows basic persuasive skills; handles Q&A adequately","9 points
Unclear delivery; weak narrative; limited persuasive impact; struggles with Q&A","5 points
Poor delivery; no clear narrative; fails to persuade; cannot handle Q&A","Score of Pitch Delivery and Persuasion,
/ 20"
Professional Formatting and Technical Execution,"10 points
Visually compelling presentation perfectly suited to creative cluster; flawless technical execution; enhances overall message effectiveness","8 points
Well-designed presentation suited to cluster; good technical execution; supports message well","6 points
Adequately designed presentation; acceptable technical execution; somewhat supports message","4 points
Poorly designed presentation; technical issues; limited message support","2 points
Unprofessional presentation; significant technical problems; detracts from message","Score of Professional Formatting and Technical Execution,
/ 10"